 
<top> 

<num> Number:  181


</num>
<title>Topic : Abuse Elderli Famili Member , Medic Nonmed Personnel , Initi Be Taken Minim Thi Mistreat</title>
<desc>Descript : Document identifi report elderli patient abus nurs home facil skill medic nonmed personnel famili .</desc>
<narr>Narr : To relev document provid pertin data abus elderli nurs home facil health care profession , nonmed personnel famili involv patient care . The document cite type abus inflict categori personnel involv abus . Law regul patient care relev specif polici procedur reduc abus . Gener statement environment condit preval facil relev specif data posit action allevi condit .</narr>
</top>
