
<top>

<num> Number: 152


</num>
<title>Topic : Accusat Cheat Contractor U.S. Defens Project</title>
<desc>Descript : Document refer alleg illeg commit entiti seek contract behalf U.S. Militari Forc .</desc>
<narr>Narr : A relev document mention alleg improprieti improprieti individu entiti ( compani , corpor ) , domest foreign , attempt provid servic product U.S. militari effort . To relev , document : ( 1 ) identifi wrongdoer , ( 2 ) term ( e.g. , overcharg , bribe , swindl , illeg gift , bid-rig , insid ) natur wrongdo .</narr>
</top>
