 
<top>

<num> Number:  161


</num>
<title>Topic : Acid Rain</title>
<desc>Descript : Document provid action acid rain .</desc>
<narr>Narr : A relev document acid rain . Relev data sourc , , action correct elimin , country/world . Other item joint nation agreements/act , legisl action , data comment cost clean versu benefit gain . Not relev document comment subject real recommend deem polit motiv . Also document gener statement upcom visit , meet , legisl acid rain non-relev specif relat acid rain .</narr>
</top>
