 
<top>

<num> Number:  162 


</num>
<title>Topic : Automobil Recal</title>
<desc>Descript : Document provid data expand type purpos recal vehicl manufactur American Foreign automobil compani .</desc>
<narr>Narr : A relev document provid data recal vehicl , modifi , replac defect compon . Relev data recal data vehicl produc American Foreign manufactur compani , make/model vehicl , purpos recal . The vehicl involv desir , essenti . Legal action court decis desir , relev . Truck bu consid auto purpos relev . Not relev suggest recal substanti compani Govern .</narr>
</top>
