 
<top>

<num> Number: 157 


</num>
<title>Topic : Caus treatment multipl sclerosi ( MS )</title>
<desc>Descript : Document focu studi multipl sclerosi effort develop treatment and/or cure .</desc>
<narr>Narr : Thi search limit focu medic condit broader caus auto-immun system . Effort direct find report idea elabor auto-immun theori . The search focu effort treatment allevi symptom MS and/or discov cure . The name compani involv drug therapi relev item . Also relev non-med altern heal procedur accept MS suffer , e.g. , bee venom , acupunctur , .</narr>
</top>
