 
<top>

<num> Number:  169 


</num>
<title>Topic : Cost Garbage/Trash Remov</title>
<desc>Descript : Document report garbag trash remov identifi cost figur household govern entiti ( local , , feder ) .</desc>
<narr>Narr : To relev document identifi garbage/trash remov cost figur household , citi , , feder govern . A document report garbag refer cost relev . A document report penalti adher regul relev . Refer garbage/trash remov `` costli '' `` expens '' actual figur relev . A document identifi cost recycl relev . Document identifi landfil site survei , furnac , . cost specif purchas relev .</narr>
</top>
