 
<top>

<num> Number:  186 


</num>
<title>Topic : Differ Learn Level Among Inner Citi More Suburban School Student</title>
<desc>Descript : Document report actual alleg differ educ learn level citi public school student .</desc>
<narr>Narr : Relev document level educ skill exist citi school student school student cite measur grade averag . A relev document caus . Such factor : qualifi teacher administr , financi assist school , parent involv , student motiv , peer pressur , econom environ background .</narr>
</top>
