 
<top>

<num> Number:  156 


</num>
<title>Topic : Effort enact Gun Control Legisl</title>
<desc>Descript : Document relat effort enact Gun Control Legisl . Thei implic interpret Second Amendment U.S. Constitut relat effort .</desc>
<narr>Narr : Any discuss Gun Control -- Pro Con -- editori , letter editor , new item , . Thi effort gun control polit level -- citi , counti , , feder . Of discuss relat effort broader issu relev Second Amendment question . Thi search limit U.S. effort .</narr>
</top>
