 
<top>

<num> Number:  177 


</num>
<title>Topic : English Official Languag U.S .</title>
<desc>Descript : Document provid argument support English standard languag U.S .</desc>
<narr>Narr : A relev document note instanc English favor standard languag . Exampl posit achiev immigr accept , econom opportun , increas academ achiev . Report desir languag difficulti encount nation nation , e.g. , Canada , Belgium , European Commun , opt languag offici commun . Not relev report promot bilingu multilingu .</narr>
</top>
