 
<top>

<num> Number:  164 


</num>
<title>Topic : Gener Drug - Illegal Activiti Manufactur</title>
<desc>Descript : Document report FDA Congression investig illeg activ gener drug manufactur .</desc>
<narr>Narr : To relev document identifi specif gener drug compani investig FDA Congress . It identifi drug , i.e. , gener drug Zantac . A vagu refer type drug , pain killer muscl relax relev . A refer gener drug ( quality-control drug scandal ) specif relev . Recal specif gener drug live FDA standard relev . Disput drug manufactur qualiti sale gener versu brand drug includ lawsuit relev .</narr>
</top>
