 
<top>

<num> Number: 198


</num>
<title>Topic : Gene Therapi It Benefit Humankind</title>
<desc>Descript : A document advanc medic scienc enabl research alter gene effect cure stabil person` medic condit ill .</desc>
<narr>Narr : A relev document report scientif medic undertaken plan , identifi gene respons specif ill , acquir hereditari ; e.g. , cystic fibrosi , sickl cell anemia , hemophilia , mild retard , muscular dystrophi . Also relev discussion/ report gene splice gene implant techniqu test adult identifi futur parent child inherit ill .</narr>
</top>
