 
<top>

<num> Number:  174 


</num>
<title>Topic : Hazard Wast Cleanup</title>
<desc>Descript : Document provid data Comprehens Environment Respons , Compens , Liabil Act Superfund Hazard Wast Cleanup Program .</desc>
<narr>Narr : A relev document provid data refer Superfund Hazard Wast Cleanup Program . Relev data monei approv EPA budget support Superfund ; goal polici program ; cleanup creat Superfund Law cost , ; site cleanup list ; effect program ; action respons Superfund Law . Also relev data action EPA recov cost court decis respons Superfund action . Document hazard wast oper refer Superfund consid relev . Data propos budget dollar figur polit motiv statement Superfund Program relev .</narr>
</top>
