 
<top>

<num> Number:  200


</num>
<title>Topic : Impact foreign textil import U.S. textil industri</title>
<desc>Descript : Document report import foreign textil textil product influenc impact U.S. textil industri .</desc>
<narr>Narr : The impact posit neg qualit . It expans shrinkag market manufactur volum influenc method strategi U.S. textil industri . `` Textil industri '' includ product purchas raw materi ; basic process techniqu dye , spin , knit , weav ; manufactur market finish ; textil field .</narr>
</top>
