 
<top>

<num> Number: 199


</num>
<title>Topic : Legal Medic Assist Suicid</title>
<desc>Descript : Document suicid effect assist medic compet person -- doctor , nurs , medic technician . -- legal assist action .</desc>
<narr>Narr : A relev document suicid effect assist medic compet person legal ramif assist action . It undu influenc , counsel , suggest , recommend , prepar medic medic person inclin ill person choos commit suicid independ free person action . A suicid commit health reason , total independ action free medic assist , relev .</narr>
</top>
