 
<top>

<num> Number:  192


</num>
<title>Topic : Oil Spill Cleanup</title>
<desc>Descript : Document identifi method , procedur , chemic clean oil spill Exxon Valdez . Only oil spill water ( ocean , bai , lake , . ) .</desc>
<narr>Narr : To relev document identifi method , procedur , chemic process clean water beach major oil spill , Exxon Valdez incid . The mere mention cleanup effort identifi method chemic relev . A document refer procedur scrub , sprai , . relev . Refer cost cleanup peopl equip involv mention method relev .</narr>
</top>
