 
<top>

<num> Number:  197


</num>
<title>Topic : Reform jurisprud system juri grant unreason monetari award</title>
<desc>Descript : Document legal tort reform ( civil wrong injur parti seek judgement ) regard place limit monetari compens plaintiff .</desc>
<narr>Narr : A relev document report tort reform relat exorbit financi remuner award juri plaintiff result bia , injuri , malpractic , loss civil liberti . It constitut reason award settlement . Also , relev document report fee attornei ( ) involv , vice percentag award , upper limit judgement juri award , judg overturn award .</narr>
</top>
