 
<top>

<num> Number:  155 


</num>
<title>Topic : Right Wing Christian Fundament U.S .</title>
<desc>Descript : Document implic decis Right Wing Christian Fundamentalist Group polit process goal .</desc>
<narr>Narr : Leader Right Wing Christian Fundamentalist Group , , Christian Coalit , begun Grass Root Campaign enter polit process local , nation level `` Religi Agenda . '' Relev document featur articl , editori comment , new item , letter editor , . Particularli relev percept threat movement civil liberti , govern stabil U.S. Constitut . Thi search confin U.S .</narr>
</top>
