 
<top>

<num> Number:  196


</num>
<title>Topic : School Choic Voucher System effect entir U.S. educ program</title>
<desc>Descript : Document effect , posit neg , propos actual govern financ voucher system elementari secondari student enabl attend school choic .</desc>
<narr>Narr : A relev document report advantag disadvantag voucher system public school student enrol privat school subsid govern fund . The document identifi reason voucher choic rise enrol privat church school voucher system could/would U.S. public school system .</narr>
</top>
