 
<top>

<num> Number:  173 


</num>
<title>Topic : Smoke Ban</title>
<desc>Descript : Document provid data smoke ban initi worldwid public privat sector workplac , mode public transport , commerci advertis .</desc>
<narr>Narr : A relev document data smoke ban initi worldwid workplac , mode transport , commerci advertis . Relev data initi ban , , enforc policy/procedur , penalti impos . Also relev tobacco compani reaction , legisl impos smoke ban , legal action court decis pertain smoke ban . Not relev document public privat sector comment smoke specif ban . Also relev document health hazard smoke refer smoke ban .</narr>
</top>
