 
<top>

<num> Number:  158 


</num>
<title>Topic : Term limit U.S. Congress</title>
<desc>Descript : Document relat issu involv controversi propos limit term Congress serv consecut .</desc>
<narr>Narr : Any discuss subject limit consecut term U.S. Hous Repres U.S. Senat serv editori , letter editor , new item , . consid . The search effort origin Grass Root Level Referenda , level discuss enact law nation level . Integral search underli U.S . Constitut Qualif Congress . Discuss argument pro con interpret Constitut term limit effort .</narr>
</top>
