 
<top>

<num> Number:  172 


</num>
<title>Topic : The Effectiv Medic Product Relat Program Utiliz Cessat Smoke .</title>
<desc>Descript : Document identifi effect medic product psychological/psychiatr servic cessat smoke .</desc>
<narr>Narr : A relev document provid substant effect U.S. Govern approv medic product psycholog psychiatr program , includ therapi , reduc tobacco product . The document identifi produc medic product , product market specif effect deriv clinic studi . Relat servic util treatment identifi specif type program statement effect . Gener statement health issu tobacco product relev . The foreign govern product present review U.S. Food Drug Administr relev , provid product consum medic approv temporari licens . Smoke ban relev document address term reduct consumpt product .</narr>
</top>
