 
<top>

<num> Number:  170 


</num>
<title>Topic : The Consequ Implantat Silicon Gel Breast Devic</title>
<desc>Descript : Document silicon gel breast implant manufactur Dow-Corn Corpor recipient` concern futur medic occur result manufactur defect lack proper test approv public .</desc>
<narr>Narr : To relev document provid pertin data risk silicon gel breast implant , includ identifi residu effect . Document identifi Dow-Corn Corpor manufactur devic . Statement issu FDA implant` safeti reliabl , technolog advanc test procedur assist identif futur consid relev . Pend conclud litig Dow-Corn Corpor initi implant recipi relev specif strategi Corpor alert public risk involv . Foreign govern action silicon gel implant relev .</narr>
</top>
