 
<top>

<num> Number:  171 


</num>
<title>Topic : Use Mutual Fund Individu Retir Strategi</title>
<desc>Descript : Document role mutual fund invest altern formul individual' retir program .</desc>
<narr>Narr : To relev document address role/us mutual fund integr individu invest retir program , includ Individu Retir Account ( IRA ) assigned/design . The document identifi specif type fund ; i.e. , incom , stock , bond , etc. , reason select compar type fund , concert capabl individu investor . The name individu fund , compani administ fund fund portfolio manag relev identifi uniqu option featur commonli investor financi program util retir plan .</narr>
</top>
